Player,Player & Season,HR,Season,Age,triples_over_xbh,(3b + 1)/(2b + 3b + 1),Team,Lg,G,PA,AB,R,H,1B,2B,3B,HR,RBI,Single Team,Team & Year,3B,2B,Sprint Speed
Aaron Judge,Aaron Judge 2022,62,2022,30,0.000,0.034,NYY,AL,157,696,570,133,177,87,28,0,62,131,NYY,NYY 2022,85,94,27.6
Matt Olson,Matt Olson 2023,54,2023,29,0.100,0.129,ATL,NL,162,720,608,127,172,88,27,3,54,139,ATL,ATL 2023,98,100,26.2
Vladimir Guerrero Jr.,Vladimir Guerrero Jr. 2021,48,2021,22,0.033,0.065,TOR,AL,161,698,604,123,188,110,29,1,48,111,TOR,TOR 2021,108,104,26.6
Salvador Perez,Salvador Perez 2021,48,2021,31,0.000,0.040,KCR,AL,161,665,620,88,169,97,24,0,48,121,KCR,KCR 2021,110,108,25.3
Kyle Schwarber,Kyle Schwarber 2023,47,2023,30,0.050,0.095,PHI,NL,160,720,585,108,115,48,19,1,47,104,PHI,PHI 2023,106,98,26.5
Pete Alonso,Pete Alonso 2023,46,2023,28,0.087,0.125,NYM,NL,154,658,568,92,123,54,21,2,46,118,NYM,NYM 2023,82,94,28.1
Shohei Ohtani,Shohei Ohtani 2021,46,2021,26,0.235,0.257,LAA,AL,155,639,537,103,138,58,26,8,46,100,LAA,LAA 2021,99,98,28.6
Kyle Schwarber,Kyle Schwarber 2022,46,2022,29,0.125,0.160,PHI,NL,155,669,577,100,126,56,21,3,46,94,PHI,PHI 2022,106,98,26.2
Marcus Semien,Marcus Semien 2021,45,2021,30,0.049,0.071,TOR,AL,162,724,652,115,173,87,39,2,45,102,TOR,TOR 2021,108,104,25.9
Shohei Ohtani,Shohei Ohtani 2023,44,2023,28,0.235,0.257,LAA,AL,135,599,497,102,151,73,26,8,44,95,LAA,LAA 2023,99,98,27.5
Fernando Tatis Jr.,Fernando Tatis Jr. 2021,42,2021,22,0.000,0.031,SDP,NL,130,546,478,99,135,62,31,0,42,97,SDP,SDP 2021,82,96,28.5
Ronald Acuña Jr.,Ronald Acuña Jr. 2023,41,2023,25,0.103,0.125,ATL,NL,159,735,643,149,217,137,35,4,41,106,ATL,ATL 2023,98,100,
Pete Alonso,Pete Alonso 2022,40,2022,27,0.000,0.036,NYM,NL,160,685,597,95,162,95,27,0,40,131,NYM,NYM 2022,82,94,26
Marcell Ozuna,Marcell Ozuna 2023,40,2023,32,0.033,0.065,ATL,NL,144,592,530,84,145,75,29,1,40,100,ATL,ATL 2023,98,100,26.4
Mookie Betts,Mookie Betts 2023,39,2023,30,0.024,0.048,LAD,NL,152,693,584,126,179,99,40,1,39,107,LAD,LAD 2023,81,98,27.7
Adolis García,Adolis García 2023,39,2023,30,0.000,0.033,TEX,AL,148,632,555,108,136,68,29,0,39,107,TEX,TEX 2023,93,102,29.2
Mitch Haniger,Mitch Haniger 2021,39,2021,30,0.080,0.115,SEA,AL,157,691,620,110,157,93,23,2,39,100,SEA,SEA 2021,78,93,27.9
Aaron Judge,Aaron Judge 2021,39,2021,29,0.000,0.040,NYY,AL,148,633,550,89,158,95,24,0,39,98,NYY,NYY 2021,85,94,29.4
Brandon Lowe,Brandon Lowe 2021,39,2021,26,0.000,0.031,TBR,AL,149,615,535,97,132,62,31,0,39,99,TBR,TBR 2021,99,99,26.4
Matt Olson,Matt Olson 2021,39,2021,27,0.000,0.028,OAK,AL,156,673,565,101,153,79,35,0,39,111,OAK,OAK 2021,99,101,28.4
Rafael Devers,Rafael Devers 2021,38,2021,24,0.026,0.051,BOS,AL,156,664,591,101,165,89,37,1,38,113,BOS,BOS 2021,120,112,26.7
Adam Duvall,Adam Duvall 2021,38,2021,32,0.105,0.150,"ATL,MIA",NL,146,555,513,67,117,60,17,2,38,113,ATL,ATL 2021,98,100,27.1
Joey Gallo,Joey Gallo 2021,38,2021,27,0.071,0.133,"NYY,TEX",AL,153,616,498,90,99,47,13,1,38,77,NYY,NYY 2021,85,94,28.3
Austin Riley,Austin Riley 2022,38,2022,25,0.049,0.071,ATL,NL,159,693,615,90,168,89,39,2,38,93,ATL,ATL 2022,98,100,28
Luis Robert Jr.,Luis Robert Jr. 2023,38,2023,25,0.027,0.053,CHW,AL,145,595,546,90,144,69,36,1,38,80,CHW,CHW 2023,79,94,
Pete Alonso,Pete Alonso 2021,37,2021,26,0.100,0.129,NYM,NL,152,637,561,81,147,80,27,3,37,94,NYM,NYM 2021,82,94,27.7
Yordan Alvarez,Yordan Alvarez 2022,37,2022,25,0.065,0.094,HOU,AL,135,561,470,95,144,76,29,2,37,97,HOU,HOU 2022,106,98,25.9
Austin Riley,Austin Riley 2023,37,2023,26,0.086,0.111,ATL,NL,159,715,636,117,179,107,32,3,37,97,ATL,ATL 2023,98,100,29.8
Max Muncy,Max Muncy 2021,36,2021,30,0.071,0.103,LAD,NL,144,592,497,95,124,60,26,2,36,94,LAD,LAD 2021,81,98,25.7
Max Muncy,Max Muncy 2023,36,2023,32,0.056,0.105,LAD,NL,135,579,482,95,102,48,17,1,36,105,LAD,LAD 2023,81,98,28
José Ramírez,José Ramírez 2021,36,2021,28,0.135,0.158,CLE,AL,152,636,552,111,147,74,32,5,36,103,CLE,CLE 2021,92,100,26.1
Jorge Soler,Jorge Soler 2023,36,2023,31,0.000,0.040,MIA,NL,137,580,504,77,126,66,24,0,36,75,MIA,MIA 2023,111,101,29.2
Joey Votto,Joey Votto 2021,36,2021,37,0.042,0.080,CIN,NL,129,533,448,73,119,59,23,1,36,99,CIN,CIN 2021,83,100,27.9
Christian Walker,Christian Walker 2022,36,2022,31,0.074,0.107,ARI,NL,160,667,583,84,141,78,25,2,36,94,ARI,ARI 2022,118,104,28.9
Mookie Betts,Mookie Betts 2022,35,2022,29,0.070,0.091,LAD,NL,142,639,572,117,154,76,40,3,35,82,LAD,LAD 2022,81,98,25.6
Paul Goldschmidt,Paul Goldschmidt 2022,35,2022,34,0.000,0.024,STL,NL,151,651,561,106,178,102,41,0,35,115,STL,STL 2022,92,96,26.5
Bryce Harper,Bryce Harper 2021,35,2021,28,0.023,0.045,PHI,NL,141,599,488,101,151,73,42,1,35,84,PHI,PHI 2021,106,98,27.4
Kyle Seager,Kyle Seager 2021,35,2021,33,0.033,0.065,SEA,AL,159,670,603,73,128,63,29,1,35,101,SEA,SEA 2021,78,93,27.6
Juan Soto,Juan Soto 2023,35,2023,24,0.030,0.059,SDP,NL,162,708,568,97,156,88,32,1,35,109,SDP,SDP 2023,82,96,26.7
Giancarlo Stanton,Giancarlo Stanton 2021,35,2021,31,0.000,0.050,NYY,AL,139,579,510,64,139,85,19,0,35,97,NYY,NYY 2021,85,94,24.2
Rowdy Tellez,Rowdy Tellez 2022,35,2022,27,0.000,0.042,MIL,NL,153,599,529,67,116,58,23,0,35,89,MIL,MIL 2022,99,97,29.3
Nolan Arenado,Nolan Arenado 2021,34,2021,30,0.081,0.105,STL,NL,157,653,593,81,151,80,34,3,34,105,STL,STL 2021,92,96,27.9
Jake Burger,Jake Burger 2023,34,2023,27,0.034,0.067,"CHW,MIA","AL,NL",141,540,492,71,123,60,28,1,34,80,CHW,CHW 2023,79,94,27.6
Nick Castellanos,Nick Castellanos 2021,34,2021,29,0.026,0.050,CIN,NL,138,585,531,95,164,91,38,1,34,100,CIN,CIN 2021,83,100,27
Matt Olson,Matt Olson 2022,34,2022,28,0.000,0.022,ATL,NL,162,699,616,86,148,70,44,0,34,103,ATL,ATL 2022,98,100,28.9
Tyler O'Neill,Tyler O'Neill 2021,34,2021,26,0.071,0.103,STL,NL,138,537,482,89,138,76,26,2,34,80,STL,STL 2021,92,96,25.6
Shohei Ohtani,Shohei Ohtani 2022,34,2022,27,0.167,0.189,LAA,AL,157,666,586,90,160,90,30,6,34,95,LAA,LAA 2022,99,98,29.4
Ozzie Albies,Ozzie Albies 2023,33,2023,26,0.143,0.167,ATL,NL,148,660,596,96,167,99,30,5,33,109,ATL,ATL 2023,98,100,26.8
Yordan Alvarez,Yordan Alvarez 2021,33,2021,24,0.028,0.054,HOU,AL,144,598,537,92,149,80,35,1,33,104,HOU,HOU 2021,106,98,28.9
Rafael Devers,Rafael Devers 2023,33,2023,26,0.000,0.029,BOS,AL,153,656,580,90,157,90,34,0,33,100,BOS,BOS 2023,120,112,29.1
Ryan Mountcastle,Ryan Mountcastle 2021,33,2021,24,0.042,0.080,BAL,AL,144,586,534,77,136,79,23,1,33,89,BAL,BAL 2021,90,97,26.4
Jorge Polanco,Jorge Polanco 2021,33,2021,27,0.054,0.079,MIN,AL,152,644,588,97,158,88,35,2,33,98,MIN,MIN 2021,97,105,27.1
Austin Riley,Austin Riley 2021,33,2021,24,0.029,0.057,ATL,NL,160,662,590,91,179,112,33,1,33,107,ATL,ATL 2021,98,100,29.5
Anthony Santander,Anthony Santander 2022,33,2022,27,0.000,0.040,BAL,AL,152,647,574,78,138,81,24,0,33,89,BAL,BAL 2022,95,94,27.5
Corey Seager,Corey Seager 2022,33,2022,28,0.040,0.077,TEX,AL,151,663,593,91,145,87,24,1,33,83,TEX,TEX 2022,93,102,26.6
Corey Seager,Corey Seager 2023,33,2023,29,0.000,0.023,TEX,AL,119,536,477,88,156,81,42,0,33,96,TEX,TEX 2023,93,102,29.5
Christian Walker,Christian Walker 2023,33,2023,32,0.053,0.077,ARI,NL,157,661,582,86,150,79,36,2,33,103,ARI,ARI 2023,118,104,27
Nelson Cruz,Nelson Cruz 2021,32,2021,40,0.045,0.087,"MIN,TBR",AL,140,584,513,79,136,82,21,1,32,86,MIN,MIN 2021,97,105,26.7
Vladimir Guerrero Jr.,Vladimir Guerrero Jr. 2022,32,2022,23,0.000,0.028,TOR,AL,160,706,638,90,175,108,35,0,32,97,TOR,TOR 2022,93,100,
Teoscar Hernández,Teoscar Hernández 2021,32,2021,28,0.000,0.033,TOR,AL,143,595,550,92,163,102,29,0,32,116,TOR,TOR 2021,108,104,27.6
Manny Machado,Manny Machado 2022,32,2022,29,0.026,0.051,SDP,NL,150,644,578,100,172,102,37,1,32,102,SDP,SDP 2022,82,96,27.2
Anthony Rizzo,Anthony Rizzo 2022,32,2022,32,0.045,0.087,NYY,AL,130,548,465,77,104,50,21,1,32,75,NYY,NYY 2022,85,94,27.5
Julio Rodríguez,Julio Rodríguez 2023,32,2023,22,0.051,0.075,SEA,AL,155,714,654,102,180,109,37,2,32,103,SEA,SEA 2023,78,93,27
Willy Adames,Willy Adames 2022,31,2022,26,0.000,0.031,MIL,NL,139,617,563,83,134,72,31,0,31,98,MIL,MIL 2022,99,97,27.7
Jose Altuve,Jose Altuve 2021,31,2021,31,0.030,0.059,HOU,AL,146,678,601,117,167,103,32,1,31,83,HOU,HOU 2021,106,98,26.6
Javier Báez,Javier Báez 2021,31,2021,28,0.100,0.143,"CHC,NYM",NL,138,547,502,80,133,82,18,2,31,87,CHC,CHC 2021,113,97,30.3
Freddie Freeman,Freddie Freeman 2021,31,2021,31,0.074,0.107,ATL,NL,159,695,600,120,180,122,25,2,31,83,ATL,ATL 2021,98,100,29.3
Adolis García,Adolis García 2021,31,2021,28,0.071,0.103,TEX,AL,149,622,581,77,141,82,26,2,31,90,TEX,TEX 2021,93,102,27.7
Paul Goldschmidt,Paul Goldschmidt 2021,31,2021,33,0.053,0.077,STL,NL,158,679,603,102,177,108,36,2,31,99,STL,STL 2021,92,96,24
Francisco Lindor,Francisco Lindor 2023,31,2023,29,0.057,0.083,NYM,NL,160,687,602,108,153,87,33,2,31,98,NYM,NYM 2023,82,94,29.1
Isaac Paredes,Isaac Paredes 2023,31,2023,24,0.000,0.040,TBR,AL,143,571,492,71,123,68,24,0,31,98,TBR,TBR 2023,99,99,25.6
Hunter Renfroe,Hunter Renfroe 2021,31,2021,29,0.000,0.029,BOS,AL,144,572,521,89,135,71,33,0,31,96,BOS,BOS 2021,120,112,29.5
Eugenio Suárez,Eugenio Suárez 2021,31,2021,29,0.000,0.042,CIN,NL,145,574,505,71,100,46,23,0,31,79,CIN,CIN 2021,83,100,29.4
Eugenio Suárez,Eugenio Suárez 2022,31,2022,30,0.077,0.111,SEA,AL,150,629,543,76,128,71,24,2,31,87,SEA,SEA 2022,78,93,26.2
Spencer Torkelson,Spencer Torkelson 2023,31,2023,23,0.029,0.056,DET,AL,159,684,606,88,141,75,34,1,31,94,DET,DET 2023,139,100,26.8
José Abreu,José Abreu 2021,30,2021,34,0.063,0.091,CHW,AL,152,659,566,86,148,86,30,2,30,117,CHW,CHW 2021,79,94,25.6
Ozzie Albies,Ozzie Albies 2021,30,2021,24,0.149,0.167,ATL,NL,156,686,629,103,163,86,40,7,30,106,ATL,ATL 2021,98,100,28.8
Nolan Arenado,Nolan Arenado 2022,30,2022,31,0.023,0.045,STL,NL,148,620,557,73,163,90,42,1,30,103,STL,STL 2022,92,96,27.1
Rhys Hoskins,Rhys Hoskins 2022,30,2022,29,0.057,0.083,PHI,NL,156,672,589,81,145,80,33,2,30,79,PHI,PHI 2022,106,98,27.3
Manny Machado,Manny Machado 2023,30,2023,30,0.000,0.045,SDP,NL,138,601,543,75,140,89,21,0,30,91,SDP,SDP 2023,82,96,28.4
Cedric Mullins,Cedric Mullins 2021,30,2021,26,0.119,0.140,BAL,AL,159,675,602,91,175,103,37,5,30,59,BAL,BAL 2021,90,97,26.6
Cal Raleigh,Cal Raleigh 2023,30,2023,26,0.042,0.080,SEA,AL,145,569,513,78,119,65,23,1,30,75,SEA,SEA 2023,78,93,26.4
Brent Rooker,Brent Rooker 2023,30,2023,28,0.048,0.091,OAK,AL,137,526,463,61,114,63,20,1,30,69,OAK,OAK 2023,99,101,28.5
Miguel Sanó,Miguel Sanó 2021,30,2021,28,0.000,0.040,MIN,AL,135,532,470,68,105,51,24,0,30,75,MIN,MIN 2021,97,105,27.4
Kyle Tucker,Kyle Tucker 2021,30,2021,24,0.075,0.098,HOU,AL,140,567,506,83,149,79,37,3,30,92,HOU,HOU 2021,106,98,24.2
Kyle Tucker,Kyle Tucker 2022,30,2022,25,0.034,0.067,HOU,AL,150,609,544,71,140,81,28,1,30,107,HOU,HOU 2022,106,98,28
Bobby Witt Jr.,Bobby Witt Jr. 2023,30,2023,23,0.282,0.300,KCR,AL,158,694,641,97,177,108,28,11,30,96,KCR,KCR 2023,110,108,
Bo Bichette,Bo Bichette 2021,29,2021,23,0.032,0.063,TOR,AL,159,690,640,121,191,131,30,1,29,102,TOR,TOR 2021,108,104,26
Nick Castellanos,Nick Castellanos 2023,29,2023,31,0.051,0.075,PHI,NL,157,671,626,79,170,102,37,2,29,106,PHI,PHI 2023,106,98,26.9
C.J. Cron,C.J. Cron 2022,29,2022,32,0.097,0.125,COL,NL,150,632,575,79,148,88,28,3,29,102,COL,COL 2022,138,112,29.3
Freddie Freeman,Freddie Freeman 2023,29,2023,33,0.033,0.048,LAD,NL,161,730,637,131,211,121,59,2,29,102,LAD,LAD 2023,81,98,28.8
Avisaíl García,Avisaíl García 2021,29,2021,30,0.000,0.053,MIL,NL,135,515,461,68,121,74,18,0,29,86,MIL,MIL 2021,99,97,29.5
José Ramírez,José Ramírez 2022,29,2022,29,0.102,0.120,CLE,AL,157,685,601,90,168,90,44,5,29,126,CLE,CLE 2022,92,100,27.6
Hunter Renfroe,Hunter Renfroe 2022,29,2022,30,0.042,0.080,MIL,NL,125,522,474,62,121,68,23,1,29,72,MIL,MIL 2022,99,97,27.5
Marcus Semien,Marcus Semien 2023,29,2023,32,0.091,0.111,TEX,AL,162,753,670,122,185,112,40,4,29,100,TEX,TEX 2023,93,102,25.7
Juan Soto,Juan Soto 2021,29,2021,22,0.091,0.130,WSN,NL,151,654,502,111,157,106,20,2,29,95,WSN,WSN 2021,95,102,26
Kyle Tucker,Kyle Tucker 2023,29,2023,26,0.119,0.140,HOU,AL,157,674,574,97,163,92,37,5,29,112,HOU,HOU 2023,106,98,28.4
Jared Walsh,Jared Walsh 2021,29,2021,27,0.029,0.056,LAA,AL,144,585,530,70,147,83,34,1,29,98,LAA,LAA 2021,99,98,28.4
Jose Altuve,Jose Altuve 2022,28,2022,32,0.000,0.025,HOU,AL,141,604,527,103,158,91,39,0,28,57,HOU,HOU 2022,106,98,27.6
C.J. Cron,C.J. Cron 2021,28,2021,31,0.031,0.061,COL,NL,142,547,470,70,132,72,31,1,28,92,COL,COL 2021,138,112,28
Brandon Drury,Brandon Drury 2022,28,2022,29,0.061,0.088,"CIN,SDP",NL,138,568,518,87,136,75,31,2,28,87,CIN,CIN 2022,83,100,24.7
Eduardo Escobar,Eduardo Escobar 2021,28,2021,32,0.161,0.188,"ARI,MIL",NL,146,599,549,77,139,80,26,5,28,90,ARI,ARI 2021,118,104,25.6
Gunnar Henderson,Gunnar Henderson 2023,28,2023,22,0.237,0.256,BAL,AL,150,622,560,100,143,77,29,9,28,82,BAL,BAL 2023,95,94,27.2
Manny Machado,Manny Machado 2021,28,2021,28,0.061,0.088,SDP,NL,153,640,564,92,157,96,31,2,28,106,SDP,SDP 2021,82,96,27.2
J.D. Martinez,J.D. Martinez 2021,28,2021,33,0.067,0.087,BOS,AL,148,634,570,92,163,90,42,3,28,99,BOS,BOS 2021,120,112,27.4
Julio Rodríguez,Julio Rodríguez 2022,28,2022,21,0.107,0.138,SEA,AL,132,560,511,84,145,89,25,3,28,75,SEA,SEA 2022,78,93,27.8
Anthony Santander,Anthony Santander 2023,28,2023,28,0.024,0.047,BAL,AL,153,656,591,81,152,82,41,1,28,95,BAL,BAL 2023,95,94,28.8
Lane Thomas,Lane Thomas 2023,28,2023,27,0.077,0.100,WSN,NL,156,682,628,101,168,101,36,3,28,86,WSN,WSN 2023,95,102,25.9
Trea Turner,Trea Turner 2021,28,2021,28,0.081,0.105,"LAD,WSN",NL,148,646,595,107,195,130,34,3,28,77,LAD,LAD 2021,81,98,26.7
Josh Bell,Josh Bell 2021,27,2021,28,0.040,0.077,WSN,NL,144,568,498,75,130,78,24,1,27,88,WSN,WSN 2021,95,102,28.5
Matt Chapman,Matt Chapman 2021,27,2021,28,0.167,0.211,OAK,AL,151,622,529,75,111,66,15,3,27,72,OAK,OAK 2021,99,101,26.6
Matt Chapman,Matt Chapman 2022,27,2022,29,0.036,0.069,TOR,AL,155,621,538,83,123,68,27,1,27,76,TOR,TOR 2022,93,100,28.4
Rafael Devers,Rafael Devers 2022,27,2022,25,0.023,0.045,BOS,AL,141,614,555,84,164,94,42,1,27,88,BOS,BOS 2022,120,112,25
Adolis García,Adolis García 2022,27,2022,29,0.128,0.150,TEX,AL,156,657,605,88,151,85,34,5,27,101,TEX,TEX 2022,93,102,27.5
Nathaniel Lowe,Nathaniel Lowe 2022,27,2022,26,0.103,0.133,TEX,AL,157,645,593,74,179,123,26,3,27,76,TEX,TEX 2022,93,102,27.5
Andrew McCutchen,Andrew McCutchen 2021,27,2021,34,0.040,0.077,PHI,NL,144,574,482,78,107,55,24,1,27,80,PHI,PHI 2021,106,98,24.4
Austin Meadows,Austin Meadows 2021,27,2021,26,0.094,0.121,TBR,AL,142,591,518,79,121,62,29,3,27,106,TBR,TBR 2021,99,99,28.4
Bryan Reynolds,Bryan Reynolds 2022,27,2022,27,0.174,0.208,PIT,NL,145,614,542,74,142,92,19,4,27,62,PIT,PIT 2022,101,106,25.9
Jorge Soler,Jorge Soler 2021,27,2021,29,0.000,0.036,"ATL,KCR","AL,NL",149,602,516,74,115,61,27,0,27,70,ATL,ATL 2021,98,100,28.4
Juan Soto,Juan Soto 2022,27,2022,23,0.074,0.107,"SDP,WSN",NL,153,664,524,93,127,73,25,2,27,62,SDP,SDP 2022,82,96,29.5
Dansby Swanson,Dansby Swanson 2021,27,2021,27,0.057,0.083,ATL,NL,160,653,588,78,146,84,33,2,27,88,ATL,ATL 2021,98,100,27.3
Justin Turner,Justin Turner 2021,27,2021,36,0.000,0.043,LAD,NL,151,612,533,87,148,99,22,0,27,87,LAD,LAD 2021,81,98,28.8
Daulton Varsho,Daulton Varsho 2022,27,2022,25,0.115,0.148,ARI,NL,151,592,531,79,125,72,23,3,27,74,ARI,ARI 2022,118,104,25.7
Nolan Arenado,Nolan Arenado 2023,26,2023,32,0.071,0.103,STL,NL,144,612,560,71,149,95,26,2,26,93,STL,STL 2023,92,96,27.8
Cody Bellinger,Cody Bellinger 2023,26,2023,27,0.033,0.065,CHC,NL,130,556,499,95,153,97,29,1,26,97,CHC,CHC 2023,113,97,28.1
Carlos Correa,Carlos Correa 2021,26,2021,26,0.029,0.056,HOU,AL,148,640,555,104,155,94,34,1,26,92,HOU,HOU 2021,106,98,27.9
Josh Donaldson,Josh Donaldson 2021,26,2021,35,0.000,0.037,MIN,AL,135,543,457,73,113,61,26,0,26,72,MIN,MIN 2021,97,105,28.4
Brandon Drury,Brandon Drury 2023,26,2023,30,0.091,0.118,LAA,AL,125,523,485,61,127,68,30,3,26,83,LAA,LAA 2023,99,98,26.8
Vladimir Guerrero Jr.,Vladimir Guerrero Jr. 2023,26,2023,24,0.000,0.032,TOR,AL,156,682,602,78,159,103,30,0,26,94,TOR,TOR 2023,93,100,28.9
Teoscar Hernández,Teoscar Hernández 2023,26,2023,30,0.065,0.094,SEA,AL,160,678,625,70,161,104,29,2,26,93,SEA,SEA 2023,78,93,28.7
Francisco Lindor,Francisco Lindor 2022,26,2022,28,0.167,0.194,NYM,NL,161,706,630,98,170,114,25,5,26,107,NYM,NYM 2022,82,94,27.4
Marcus Semien,Marcus Semien 2022,26,2022,31,0.139,0.162,TEX,AL,161,724,657,101,163,101,31,5,26,83,TEX,TEX 2022,93,102,29.4
Jack Suwinski,Jack Suwinski 2023,26,2023,24,0.087,0.125,PIT,NL,144,534,447,63,100,51,21,2,26,74,PIT,PIT 2023,101,106,23.6
Trea Turner,Trea Turner 2023,26,2023,30,0.125,0.146,PHI,NL,155,691,639,102,170,104,35,5,26,76,PHI,PHI 2023,106,98,26.2
Willy Adames,Willy Adames 2021,25,2021,25,0.030,0.059,"MIL,TBR","AL,NL",140,555,497,77,130,72,32,1,25,73,MIL,MIL 2021,99,97,28.1
Alex Bregman,Alex Bregman 2023,25,2023,29,0.125,0.152,HOU,AL,161,724,622,103,163,106,28,4,25,98,HOU,HOU 2023,106,98,26.7
Seth Brown,Seth Brown 2022,25,2022,29,0.103,0.133,OAK,AL,150,555,500,55,115,61,26,3,25,73,OAK,OAK 2022,99,101,26
Kris Bryant,Kris Bryant 2021,25,2021,29,0.059,0.086,"CHC,SFG",NL,144,586,513,86,136,77,32,2,25,73,CHC,CHC 2021,113,97,26.7
Corbin Carroll,Corbin Carroll 2023,25,2023,22,0.250,0.268,ARI,NL,155,645,565,116,161,96,30,10,25,76,ARI,ARI 2023,118,104,26.7
Paul Goldschmidt,Paul Goldschmidt 2023,25,2023,35,0.000,0.031,STL,NL,154,687,593,89,159,103,31,0,25,80,STL,STL 2023,92,96,29.7
Ian Happ,Ian Happ 2021,25,2021,26,0.048,0.091,CHC,NL,148,535,465,63,105,59,20,1,25,66,CHC,CHC 2021,113,97,27.4
Teoscar Hernández,Teoscar Hernández 2022,25,2022,29,0.028,0.054,TOR,AL,131,535,499,71,133,72,35,1,25,77,TOR,TOR 2022,93,100,24.6
Ketel Marte,Ketel Marte 2023,25,2023,29,0.257,0.278,ARI,NL,150,650,569,94,157,97,26,9,25,82,ARI,ARI 2023,118,104,26.7
George Springer,George Springer 2022,25,2022,32,0.154,0.185,TOR,AL,133,583,513,89,137,86,22,4,25,76,TOR,TOR 2022,93,100,28
Dansby Swanson,Dansby Swanson 2022,25,2022,28,0.030,0.059,ATL,NL,162,696,640,99,177,119,32,1,25,96,ATL,ATL 2022,98,100,26.6
Fernando Tatis Jr.,Fernando Tatis Jr. 2023,25,2023,24,0.029,0.057,SDP,NL,141,635,575,91,148,89,33,1,25,78,SDP,SDP 2023,82,96,
Gleyber Torres,Gleyber Torres 2023,25,2023,26,0.067,0.097,NYY,AL,158,672,596,90,163,108,28,2,25,68,NYY,NYY 2023,85,94,28.8
Patrick Wisdom,Patrick Wisdom 2022,25,2022,30,0.000,0.034,CHC,NL,134,534,469,67,97,44,28,0,25,66,CHC,CHC 2022,113,97,
Mike Yastrzemski,Mike Yastrzemski 2021,25,2021,30,0.097,0.125,SFG,NL,139,532,468,75,105,49,28,3,25,71,SFG,SFG 2021,113,99,
Willy Adames,Willy Adames 2023,24,2023,27,0.065,0.094,MIL,NL,149,638,553,73,120,65,29,2,24,80,MIL,MIL 2023,99,97,27.4
Bo Bichette,Bo Bichette 2022,24,2022,24,0.023,0.044,TOR,AL,159,697,652,91,189,121,43,1,24,93,TOR,TOR 2022,93,100,29.1
Triston Casas,Triston Casas 2023,24,2023,23,0.087,0.125,BOS,AL,132,502,429,66,113,66,21,2,24,65,BOS,BOS 2023,120,112,27.9
Brandon Crawford,Brandon Crawford 2021,24,2021,34,0.091,0.118,SFG,NL,138,549,483,79,144,87,30,3,24,90,SFG,SFG 2021,113,99,28.2
Lourdes Gurriel Jr.,Lourdes Gurriel Jr. 2023,24,2023,29,0.054,0.079,ARI,NL,145,592,551,65,144,83,35,2,24,82,ARI,ARI 2023,118,104,25.7
Brandon Nimmo,Brandon Nimmo 2023,24,2023,30,0.167,0.189,NYM,NL,152,682,592,89,162,102,30,6,24,68,NYM,NYM 2023,82,94,27.1
José Ramírez,José Ramírez 2023,24,2023,30,0.122,0.143,CLE,AL,156,691,611,87,172,107,36,5,24,80,CLE,CLE 2023,92,100,28.9
Bryan Reynolds,Bryan Reynolds 2021,24,2021,26,0.186,0.205,PIT,NL,159,646,559,93,169,102,35,8,24,90,PIT,PIT 2021,101,106,25.4
Bryan Reynolds,Bryan Reynolds 2023,24,2023,28,0.139,0.162,PIT,NL,145,640,574,85,151,91,31,5,24,84,PIT,PIT 2023,101,106,29.7
Will Smith,Will Smith 2022,24,2022,27,0.103,0.133,LAD,NL,137,578,508,68,132,79,26,3,24,87,LAD,LAD 2022,81,98,25.7
Trevor Story,Trevor Story 2021,24,2021,28,0.128,0.150,COL,NL,142,595,526,88,132,69,34,5,24,75,COL,COL 2021,138,112,25.9
Gleyber Torres,Gleyber Torres 2022,24,2022,25,0.034,0.067,NYY,AL,140,572,526,73,135,82,28,1,24,76,NYY,NYY 2022,85,94,26.8
Randy Arozarena,Randy Arozarena 2023,23,2023,28,0.136,0.174,TBR,AL,151,654,551,95,140,95,19,3,23,83,TBR,TBR 2023,99,99,25.8
Mookie Betts,Mookie Betts 2021,23,2021,28,0.094,0.121,LAD,NL,122,550,466,93,123,68,29,3,23,58,LAD,LAD 2021,81,98,25.1
Xander Bogaerts,Xander Bogaerts 2021,23,2021,28,0.029,0.056,BOS,AL,144,603,529,90,156,98,34,1,23,79,BOS,BOS 2021,120,112,27.1
Alex Bregman,Alex Bregman 2022,23,2022,28,0.000,0.026,HOU,AL,155,656,548,93,142,81,38,0,23,93,HOU,HOU 2022,106,98,28.7
Robbie Grossman,Robbie Grossman 2021,23,2021,31,0.115,0.148,DET,AL,156,671,557,88,133,84,23,3,23,67,DET,DET 2021,139,100,26.6
Josh Jung,Josh Jung 2023,23,2023,25,0.038,0.074,TEX,AL,122,515,478,75,127,78,25,1,23,70,TEX,TEX 2023,93,102,27.7
Ryan McMahon,Ryan McMahon 2021,23,2021,26,0.030,0.059,COL,NL,151,596,528,80,134,78,32,1,23,86,COL,COL 2021,138,112,28
Ryan McMahon,Ryan McMahon 2023,23,2023,28,0.088,0.114,COL,NL,152,627,555,80,133,76,31,3,23,70,COL,COL 2023,138,112,26.4
James Outman,James Outman 2023,23,2023,26,0.158,0.200,LAD,NL,151,567,483,86,120,78,16,3,23,70,LAD,LAD 2023,81,98,29.8
Marcell Ozuna,Marcell Ozuna 2022,23,2022,31,0.000,0.050,ATL,NL,124,507,470,56,106,64,19,0,23,56,ATL,ATL 2022,98,100,27.6
Salvador Perez,Salvador Perez 2023,23,2023,33,0.000,0.045,KCR,AL,140,580,538,59,137,93,21,0,23,80,KCR,KCR 2023,110,108,24.9
Carlos Santana,Carlos Santana 2023,23,2023,37,0.029,0.057,"MIL,PIT",NL,146,619,550,78,132,75,33,1,23,86,MIL,MIL 2023,99,97,26
Spencer Steer,Spencer Steer 2023,23,2023,25,0.075,0.098,CIN,NL,156,665,582,74,158,95,37,3,23,86,CIN,CIN 2023,83,100,25.6
Justin Turner,Justin Turner 2023,23,2023,38,0.000,0.031,BOS,AL,146,626,558,86,154,100,31,0,23,96,BOS,BOS 2023,120,112,28.7
Luis Urías,Luis Urías 2021,23,2021,24,0.038,0.074,MIL,NL,150,570,490,77,122,73,25,1,23,75,MIL,MIL 2021,99,97,28
Taylor Ward,Taylor Ward 2022,23,2022,28,0.083,0.120,LAA,AL,135,564,495,73,139,92,22,2,23,65,LAA,LAA 2022,99,98,
Jesús Aguilar,Jesús Aguilar 2021,22,2021,31,0.000,0.042,MIA,NL,131,510,449,49,117,72,23,0,22,93,MIA,MIA 2021,111,101,28.3
Josh Bell,Josh Bell 2023,22,2023,30,0.000,0.034,"CLE,MIA","AL,NL",150,617,547,52,135,85,28,0,22,74,CLE,CLE 2023,92,100,28.4
Jeimer Candelario,Jeimer Candelario 2023,22,2023,29,0.071,0.093,"CHC,WSN",NL,140,576,505,77,127,63,39,3,22,70,CHC,CHC 2023,113,97,28.2
Carlos Correa,Carlos Correa 2022,22,2022,27,0.040,0.077,MIN,AL,136,590,522,70,152,105,24,1,22,64,MIN,MIN 2022,97,105,26.9
Yandy Díaz,Yandy Díaz 2023,22,2023,31,0.000,0.028,TBR,AL,137,600,525,95,173,116,35,0,22,78,TBR,TBR 2023,99,99,28.5
Randal Grichuk,Randal Grichuk 2021,22,2021,29,0.038,0.074,TOR,AL,149,545,511,59,123,75,25,1,22,81,TOR,TOR 2021,108,104,27.4
Austin Hays,Austin Hays 2021,22,2021,25,0.133,0.161,BAL,AL,131,529,488,73,125,73,26,4,22,71,BAL,BAL 2021,90,97,26.4
Ryan Mountcastle,Ryan Mountcastle 2022,22,2022,25,0.034,0.067,BAL,AL,145,609,555,62,139,88,28,1,22,85,BAL,BAL 2022,95,94,28.5
Jeremy Peña,Jeremy Peña 2022,22,2022,24,0.091,0.130,HOU,AL,136,558,521,72,132,88,20,2,22,63,HOU,HOU 2022,106,98,25.1
J.T. Realmuto,J.T. Realmuto 2022,22,2022,31,0.161,0.188,PHI,NL,139,562,504,75,139,86,26,5,22,84,PHI,PHI 2022,106,98,29.2
Anthony Rizzo,Anthony Rizzo 2021,22,2021,31,0.115,0.148,"CHC,NYY","AL,NL",141,576,496,73,123,75,23,3,22,61,CHC,CHC 2021,113,97,25.7
Jonathan Schoop,Jonathan Schoop 2021,22,2021,29,0.032,0.063,DET,AL,156,674,623,85,173,120,30,1,22,84,DET,DET 2021,139,100,27.7
Eugenio Suárez,Eugenio Suárez 2023,22,2023,31,0.000,0.033,SEA,AL,162,694,598,68,139,88,29,0,22,96,SEA,SEA 2023,78,93,28.2
Dansby Swanson,Dansby Swanson 2023,22,2023,29,0.107,0.138,CHC,NL,147,638,565,81,138,88,25,3,22,80,CHC,CHC 2023,113,97,26.7
Luke Voit,Luke Voit 2022,22,2022,31,0.000,0.043,"SDP,WSN",NL,135,568,500,55,113,69,22,0,22,69,SDP,SDP 2022,82,96,
Jake Cronenworth,Jake Cronenworth 2021,21,2021,27,0.175,0.195,SDP,NL,152,643,567,94,151,90,33,7,21,71,SDP,SDP 2021,82,96,28.4
Freddie Freeman,Freddie Freeman 2022,21,2022,32,0.041,0.060,LAD,NL,159,708,612,117,199,129,47,2,21,100,LAD,LAD 2022,81,98,28.9
Lourdes Gurriel Jr.,Lourdes Gurriel Jr. 2021,21,2021,27,0.067,0.097,TOR,AL,141,541,500,62,138,87,28,2,21,84,TOR,TOR 2021,108,104,
Ian Happ,Ian Happ 2023,21,2023,28,0.103,0.125,CHC,NL,158,691,580,86,144,84,35,4,21,84,CHC,CHC 2023,113,97,26.4
Bryce Harper,Bryce Harper 2023,21,2023,30,0.033,0.065,PHI,NL,126,546,457,84,134,83,29,1,21,72,PHI,PHI 2023,106,98,25
César Hernández,César Hernández 2021,21,2021,31,0.087,0.125,"CHW,CLE",AL,149,637,570,84,132,88,21,2,21,62,CHW,CHW 2021,79,94,25.5
Jonathan India,Jonathan India 2021,21,2021,24,0.056,0.081,CIN,NL,150,631,532,98,143,86,34,2,21,69,CIN,CIN 2021,83,100,27.2
Trey Mancini,Trey Mancini 2021,21,2021,29,0.029,0.057,BAL,AL,147,616,556,77,142,87,33,1,21,71,BAL,BAL 2021,90,97,26.4
Max Muncy,Max Muncy 2022,21,2022,31,0.043,0.083,LAD,NL,136,565,464,69,91,47,22,1,21,69,LAD,LAD 2022,81,98,27.3
Eddie Rosario,Eddie Rosario 2023,21,2023,31,0.111,0.143,ATL,NL,142,516,478,64,122,74,24,3,21,74,ATL,ATL 2023,98,100,26.4
George Springer,George Springer 2023,21,2023,33,0.038,0.074,TOR,AL,154,683,613,87,158,111,25,1,21,72,TOR,TOR 2023,93,100,25.9
Trea Turner,Trea Turner 2022,21,2022,29,0.093,0.114,LAD,NL,160,708,652,101,194,130,39,4,21,100,LAD,LAD 2022,81,98,
Andrew Vaughn,Andrew Vaughn 2023,21,2023,25,0.063,0.091,CHW,AL,152,615,566,67,146,93,30,2,21,80,CHW,CHW 2023,79,94,
Anthony Volpe,Anthony Volpe 2023,21,2023,22,0.148,0.179,NYY,AL,159,601,541,62,113,65,23,4,21,60,NYY,NYY 2023,85,94,
Randy Arozarena,Randy Arozarena 2021,20,2021,26,0.086,0.111,TBR,AL,141,604,529,94,145,90,32,3,20,69,TBR,TBR 2021,99,99,26.2
Randy Arozarena,Randy Arozarena 2022,20,2022,27,0.068,0.089,TBR,AL,153,645,586,72,154,90,41,3,20,89,TBR,TBR 2022,99,99,27.3
Bo Bichette,Bo Bichette 2023,20,2023,25,0.091,0.118,TOR,AL,135,601,571,69,175,122,30,3,20,73,TOR,TOR 2023,93,100,28.1
Alec Bohm,Alec Bohm 2023,20,2023,26,0.000,0.031,PHI,NL,145,611,558,74,153,102,31,0,20,97,PHI,PHI 2023,106,98,28.3
Eduardo Escobar,Eduardo Escobar 2022,20,2022,33,0.133,0.161,NYM,NL,136,542,495,58,119,69,26,4,20,69,NYM,NYM 2022,82,94,29
Ty France,Ty France 2022,20,2022,27,0.036,0.069,SEA,AL,140,613,551,65,151,103,27,1,20,83,SEA,SEA 2022,78,93,28.7
Enrique Hernández,Enrique Hernández 2021,20,2021,29,0.079,0.103,BOS,AL,134,585,508,84,127,69,35,3,20,60,BOS,BOS 2021,120,112,28.8
Francisco Lindor,Francisco Lindor 2021,20,2021,27,0.158,0.200,NYM,NL,125,524,452,73,104,65,16,3,20,63,NYM,NYM 2021,82,94,26.7
Ryan McMahon,Ryan McMahon 2022,20,2022,27,0.115,0.148,COL,NL,153,597,529,67,130,84,23,3,20,67,COL,COL 2022,138,112,28
J.T. Realmuto,J.T. Realmuto 2023,20,2023,32,0.152,0.176,PHI,NL,135,540,489,70,123,70,28,5,20,63,PHI,PHI 2023,106,98,28.5
Hunter Renfroe,Hunter Renfroe 2023,20,2023,31,0.000,0.031,"CIN,LAA","AL,NL",140,548,498,60,116,65,31,0,20,60,CIN,CIN 2023,83,100,26.7
Adley Rutschman,Adley Rutschman 2023,20,2023,25,0.031,0.061,BAL,AL,154,687,588,84,163,111,31,1,20,80,BAL,BAL 2023,95,94,30.3
Seiya Suzuki,Seiya Suzuki 2023,20,2023,28,0.162,0.184,CHC,NL,138,583,515,75,147,90,31,6,20,74,CHC,CHC 2023,113,97,26.6
Chris Taylor,Chris Taylor 2021,20,2021,30,0.138,0.167,LAD,NL,148,582,507,92,129,80,25,4,20,73,LAD,LAD 2021,81,98,29.2
Daulton Varsho,Daulton Varsho 2023,20,2023,26,0.115,0.148,TOR,AL,158,581,527,65,116,70,23,3,20,61,TOR,TOR 2023,93,100,
Bobby Witt Jr.,Bobby Witt Jr. 2022,20,2022,22,0.162,0.184,KCR,AL,150,632,591,82,150,93,31,6,20,80,KCR,KCR 2022,110,108,
Cody Bellinger,Cody Bellinger 2022,19,2022,26,0.100,0.129,LAD,NL,144,550,504,70,106,57,27,3,19,68,LAD,LAD 2022,81,98,26.1
Xander Bogaerts,Xander Bogaerts 2023,19,2023,30,0.061,0.088,SDP,NL,155,665,596,83,170,118,31,2,19,58,SDP,SDP 2023,82,96,25.8
J.P. Crawford,J.P. Crawford 2023,19,2023,28,0.000,0.028,SEA,AL,145,638,534,94,142,88,35,0,19,65,SEA,SEA 2023,78,93,26.2
Bryan De La Cruz,Bryan De La Cruz 2023,19,2023,26,0.000,0.030,MIA,NL,153,626,579,60,149,98,32,0,19,78,MIA,MIA 2023,111,101,
Wilmer Flores,Wilmer Flores 2022,19,2022,30,0.034,0.067,SFG,NL,151,602,525,72,120,72,28,1,19,71,SFG,SFG 2022,113,99,28.9
Randal Grichuk,Randal Grichuk 2022,19,2022,30,0.125,0.160,COL,NL,140,538,506,60,131,88,21,3,19,73,COL,COL 2022,138,112,25.6
Carlos Santana,Carlos Santana 2021,19,2021,35,0.000,0.063,KCR,AL,158,659,565,66,121,87,15,0,19,69,KCR,KCR 2021,110,108,28.1
Carlos Santana,Carlos Santana 2022,19,2022,36,0.000,0.053,"KCR,SEA",AL,131,506,431,52,87,50,18,0,19,60,KCR,KCR 2022,110,108,26.2
Will Smith,Will Smith 2023,19,2023,28,0.087,0.125,LAD,NL,126,554,464,80,121,79,21,2,19,76,LAD,LAD 2023,81,98,27.7
Christian Yelich,Christian Yelich 2023,19,2023,31,0.029,0.056,MIL,NL,144,632,550,106,153,99,34,1,19,76,MIL,MIL 2023,99,97,
CJ Abrams,CJ Abrams 2023,18,2023,22,0.176,0.200,WSN,NL,151,614,563,83,138,86,28,6,18,64,WSN,WSN 2023,95,102,28.7
José Abreu,José Abreu 2023,18,2023,36,0.042,0.080,HOU,AL,141,594,540,62,128,86,23,1,18,90,HOU,HOU 2023,106,98,25.3
Dylan Carlson,Dylan Carlson 2021,18,2021,22,0.114,0.139,STL,NL,149,619,542,79,144,91,31,4,18,65,STL,STL 2021,92,96,27.9
Jazz Chisholm Jr.,Jazz Chisholm Jr. 2021,18,2021,23,0.167,0.200,MIA,NL,124,507,464,70,115,73,20,4,18,53,MIA,MIA 2021,111,101,28.4
Carlos Correa,Carlos Correa 2023,18,2023,28,0.065,0.094,MIN,AL,135,580,514,60,118,69,29,2,18,65,MIN,MIN 2023,97,105,28.8
J.D. Davis,J.D. Davis 2023,18,2023,30,0.042,0.080,SFG,NL,144,546,480,61,119,77,23,1,18,69,SFG,SFG 2023,113,99,27.1
Ty France,Ty France 2021,18,2021,26,0.030,0.059,SEA,AL,152,650,571,85,166,115,32,1,18,73,SEA,SEA 2021,78,93,27.8
TJ Friedl,TJ Friedl 2023,18,2023,27,0.267,0.290,CIN,NL,138,556,488,73,136,88,22,8,18,66,CIN,CIN 2023,83,100,28
Michael Harris II,Michael Harris II 2023,18,2023,22,0.083,0.108,ATL,NL,138,539,505,76,148,94,33,3,18,57,ATL,ATL 2023,98,100,
Nathaniel Lowe,Nathaniel Lowe 2021,18,2021,25,0.111,0.143,TEX,AL,157,642,557,75,147,102,24,3,18,72,TEX,TEX 2021,93,102,27.9
Trey Mancini,Trey Mancini 2022,18,2022,30,0.042,0.080,"BAL,HOU",AL,143,587,519,56,124,82,23,1,18,63,BAL,BAL 2022,95,94,27.9
MJ Melendez,MJ Melendez 2022,18,2022,23,0.125,0.160,KCR,AL,129,534,460,57,100,58,21,3,18,62,KCR,KCR 2022,110,108,28.1
Sean Murphy,Sean Murphy 2022,18,2022,27,0.051,0.075,OAK,AL,148,612,537,67,134,77,37,2,18,66,OAK,OAK 2022,99,101,26.4
Keibert Ruiz,Keibert Ruiz 2023,18,2023,24,0.000,0.040,WSN,NL,136,562,523,55,136,94,24,0,18,67,WSN,WSN 2023,95,102,26.2
Jonathan Villar,Jonathan Villar 2021,18,2021,30,0.100,0.143,NYM,NL,142,505,454,63,113,75,18,2,18,42,NYM,NYM 2021,82,94,
Tim Anderson,Tim Anderson 2021,17,2021,28,0.065,0.094,CHW,AL,123,551,527,94,163,115,29,2,17,61,CHW,CHW 2021,79,94,28.5
Elvis Andrus,Elvis Andrus 2022,17,2022,33,0.000,0.030,"CHW,OAK",AL,149,577,535,66,133,84,32,0,17,58,CHW,CHW 2022,79,94,27.3
Orlando Arcia,Orlando Arcia 2023,17,2023,28,0.000,0.038,ATL,NL,139,533,488,66,129,87,25,0,17,65,ATL,ATL 2023,98,100,26.7
Javier Báez,Javier Báez 2022,17,2022,29,0.129,0.156,DET,AL,144,590,555,64,132,84,27,4,17,67,DET,DET 2022,139,100,28.7
Josh Bell,Josh Bell 2022,17,2022,29,0.094,0.121,"SDP,WSN",NL,156,647,552,78,147,98,29,3,17,71,SDP,SDP 2022,82,96,28.3
Andrew Benintendi,Andrew Benintendi 2021,17,2021,26,0.069,0.100,KCR,AL,134,538,493,63,136,90,27,2,17,73,KCR,KCR 2021,110,108,25.8
Mark Canha,Mark Canha 2021,17,2021,32,0.154,0.185,OAK,AL,141,625,519,93,120,77,22,4,17,61,OAK,OAK 2021,99,101,25.5
Matt Chapman,Matt Chapman 2023,17,2023,30,0.049,0.071,TOR,AL,140,581,509,66,122,64,39,2,17,54,TOR,TOR 2023,93,100,25.6
Trent Grisham,Trent Grisham 2022,17,2022,25,0.111,0.158,SDP,NL,152,524,451,58,83,48,16,2,17,53,SDP,SDP 2022,82,96,28.8
William Contreras,William Contreras 2023,17,2023,25,0.026,0.050,MIL,NL,141,611,540,86,156,100,38,1,17,78,MIL,MIL 2023,99,97,27.6
Jake Cronenworth,Jake Cronenworth 2022,17,2022,28,0.118,0.143,SDP,NL,158,684,587,88,140,89,30,4,17,88,SDP,SDP 2022,82,96,28.8
Andrés Giménez,Andrés Giménez 2022,17,2022,23,0.103,0.133,CLE,AL,146,557,491,66,146,100,26,3,17,69,CLE,CLE 2022,92,100,27.6
Ian Happ,Ian Happ 2022,17,2022,27,0.045,0.067,CHC,NL,158,641,573,72,155,94,42,2,17,72,CHC,CHC 2022,113,97,25.7
Jonathan India,Jonathan India 2023,17,2023,26,0.000,0.042,CIN,NL,119,529,454,78,111,71,23,0,17,61,CIN,CIN 2023,83,100,28.6
Ha-Seong Kim,Ha-Seong Kim 2023,17,2023,27,0.000,0.042,SDP,NL,152,626,538,84,140,100,23,0,17,60,SDP,SDP 2023,82,96,25.8
Nathaniel Lowe,Nathaniel Lowe 2023,17,2023,27,0.073,0.095,TEX,AL,161,724,623,89,163,105,38,3,17,82,TEX,TEX 2023,93,102,28.9
Andrew McCutchen,Andrew McCutchen 2022,17,2022,35,0.000,0.038,MIL,NL,134,580,515,66,122,80,25,0,17,69,MIL,MIL 2022,99,97,27
Tommy Pham,Tommy Pham 2022,17,2022,34,0.042,0.080,"BOS,CIN","AL,NL",144,622,554,89,131,90,23,1,17,63,BOS,BOS 2022,120,112,26.9
J.T. Realmuto,J.T. Realmuto 2021,17,2021,30,0.138,0.167,PHI,NL,134,537,476,64,125,79,25,4,17,73,PHI,PHI 2021,106,98,29
Luis Rengifo,Luis Rengifo 2022,17,2022,25,0.154,0.185,LAA,AL,127,511,489,45,129,86,22,4,17,52,LAA,LAA 2022,99,98,28
Lane Thomas,Lane Thomas 2022,17,2022,26,0.071,0.103,WSN,NL,146,548,498,62,120,75,26,2,17,52,WSN,WSN 2022,95,102,
Andrew Vaughn,Andrew Vaughn 2022,17,2022,24,0.034,0.067,CHW,AL,134,555,510,60,138,92,28,1,17,76,CHW,CHW 2022,79,94,
LaMonte Wade Jr.,LaMonte Wade Jr. 2023,17,2023,29,0.125,0.176,SFG,NL,135,519,429,64,110,77,14,2,17,45,SFG,SFG 2023,113,99,
Mike Yastrzemski,Mike Yastrzemski 2022,17,2022,31,0.061,0.088,SFG,NL,148,558,485,73,104,54,31,2,17,57,SFG,SFG 2022,113,99,
Jesús Aguilar,Jesús Aguilar 2022,16,2022,32,0.000,0.050,"BAL,MIA","AL,NL",129,507,464,39,109,74,19,0,16,51,BAL,BAL 2022,95,94,26.2
Charlie Blackmon,Charlie Blackmon 2022,16,2022,35,0.214,0.241,COL,NL,135,577,530,60,140,96,22,6,16,78,COL,COL 2022,138,112,29.5
Jeimer Candelario,Jeimer Candelario 2021,16,2021,27,0.067,0.087,DET,AL,149,626,557,75,151,90,42,3,16,67,DET,DET 2021,139,100,28.2
Hunter Dozier,Hunter Dozier 2021,16,2021,29,0.182,0.206,KCR,AL,144,543,487,55,105,56,27,6,16,54,KCR,KCR 2021,110,108,26.8
Kyle Farmer,Kyle Farmer 2021,16,2021,30,0.083,0.120,CIN,NL,147,529,483,60,127,87,22,2,16,63,CIN,CIN 2021,83,100,25.8
Austin Hays,Austin Hays 2022,16,2022,26,0.054,0.079,BAL,AL,145,582,535,66,134,81,35,2,16,60,BAL,BAL 2022,95,94,27.7
Austin Hays,Austin Hays 2023,16,2023,27,0.053,0.077,BAL,AL,144,566,520,76,143,89,36,2,16,67,BAL,BAL 2023,95,94,27.2
Starling Marte,Starling Marte 2022,16,2022,33,0.172,0.200,NYM,NL,118,505,466,76,136,91,24,5,16,63,NYM,NYM 2022,82,94,25.9
J.D. Martinez,J.D. Martinez 2022,16,2022,34,0.023,0.044,BOS,AL,139,596,533,76,146,86,43,1,16,62,BOS,BOS 2022,120,112,27.6
MJ Melendez,MJ Melendez 2023,16,2023,24,0.147,0.171,KCR,AL,148,602,533,65,125,75,29,5,16,56,KCR,KCR 2023,110,108,28.1
Cedric Mullins,Cedric Mullins 2022,16,2022,27,0.111,0.135,BAL,AL,156,672,608,89,157,105,32,4,16,64,BAL,BAL 2022,95,94,25.1
Brandon Nimmo,Brandon Nimmo 2022,16,2022,29,0.189,0.211,NYM,NL,151,673,580,102,159,106,30,7,16,64,NYM,NYM 2022,82,94,27.7
José Abreu,José Abreu 2022,15,2022,35,0.000,0.024,CHW,AL,157,679,601,85,183,128,40,0,15,75,CHW,CHW 2022,79,94,26.6
Ronald Acuña Jr.,Ronald Acuña Jr. 2022,15,2022,24,0.000,0.040,ATL,NL,119,533,467,71,124,85,24,0,15,50,ATL,ATL 2022,98,100,
Xander Bogaerts,Xander Bogaerts 2022,15,2022,29,0.000,0.026,BOS,AL,150,631,557,84,171,118,38,0,15,73,BOS,BOS 2022,120,112,27.9
Miguel Cabrera,Miguel Cabrera 2021,15,2021,38,0.000,0.059,DET,AL,130,526,472,48,121,90,16,0,15,75,DET,DET 2021,139,100,26.5
Trent Grisham,Trent Grisham 2021,15,2021,24,0.097,0.125,SDP,NL,132,527,462,61,112,66,28,3,15,62,SDP,SDP 2021,82,96,28.8
Josh Donaldson,Josh Donaldson 2022,15,2022,36,0.000,0.034,NYY,AL,132,546,478,59,106,63,28,0,15,62,NYY,NYY 2022,85,94,26.4
Andrés Giménez,Andrés Giménez 2023,15,2023,24,0.156,0.182,CLE,AL,153,616,557,76,140,93,27,5,15,62,CLE,CLE 2023,92,100,26.1
Yuli Gurriel,Yuli Gurriel 2021,15,2021,37,0.000,0.031,HOU,AL,143,605,530,83,169,123,31,0,15,81,HOU,HOU 2021,106,98,28
Ke'Bryan Hayes,Ke'Bryan Hayes 2023,15,2023,26,0.184,0.205,PIT,NL,124,525,494,65,134,81,31,7,15,61,PIT,PIT 2023,101,106,29.9
DJ LeMahieu,DJ LeMahieu 2023,15,2023,34,0.120,0.154,NYY,AL,136,562,497,55,121,81,22,3,15,44,NYY,NYY 2023,85,94,26.5
Tommy Pham,Tommy Pham 2021,15,2021,33,0.077,0.111,SDP,NL,155,561,475,74,109,68,24,2,15,49,SDP,SDP 2021,82,96,28.5
Jurickson Profar,Jurickson Profar 2022,15,2022,29,0.053,0.077,SDP,NL,152,658,575,82,140,87,36,2,15,58,SDP,SDP 2022,82,96,28.8
Bryson Stott,Bryson Stott 2023,15,2023,25,0.059,0.086,PHI,NL,151,640,585,78,164,115,32,2,15,62,PHI,PHI 2023,106,98,
Ezequiel Tovar,Ezequiel Tovar 2023,15,2023,21,0.098,0.119,COL,NL,153,615,581,79,147,91,37,4,15,73,COL,COL 2023,138,112,
Masataka Yoshida,Masataka Yoshida 2023,15,2023,29,0.083,0.108,BOS,AL,140,580,537,71,155,104,33,3,15,72,BOS,BOS 2023,120,112,
Elias Díaz,Elias Díaz 2023,14,2023,32,0.038,0.074,COL,NL,141,526,486,48,130,90,25,1,14,72,COL,COL 2023,138,112,26.4
Thairo Estrada,Thairo Estrada 2022,14,2022,26,0.083,0.120,SFG,NL,140,541,488,71,127,89,22,2,14,62,SFG,SFG 2022,113,99,27.3
Thairo Estrada,Thairo Estrada 2023,14,2023,27,0.071,0.103,SFG,NL,120,530,495,63,134,92,26,2,14,49,SFG,SFG 2023,113,99,27
Kyle Farmer,Kyle Farmer 2022,14,2022,31,0.038,0.074,CIN,NL,145,583,526,58,134,94,25,1,14,78,CIN,CIN 2022,83,100,25.6
Alejandro Kirk,Alejandro Kirk 2022,14,2022,23,0.000,0.050,TOR,AL,139,541,470,59,134,101,19,0,14,63,TOR,TOR 2022,93,100,28.5
Jed Lowrie,Jed Lowrie 2021,14,2021,37,0.000,0.034,OAK,AL,139,512,457,55,112,70,28,0,14,69,OAK,OAK 2021,99,101,24.7
Yoán Moncada,Yoán Moncada 2021,14,2021,26,0.029,0.057,CHW,AL,144,616,520,74,137,89,33,1,14,61,CHW,CHW 2021,79,94,25.2
Lars Nootbaar,Lars Nootbaar 2023,14,2023,25,0.042,0.080,STL,NL,117,503,426,74,111,73,23,1,14,46,STL,STL 2023,92,96,27.6
AJ Pollock,AJ Pollock 2022,14,2022,34,0.037,0.071,CHW,AL,138,527,489,61,120,79,26,1,14,56,CHW,CHW 2022,79,94,30.4
Jean Segura,Jean Segura 2021,14,2021,31,0.100,0.129,PHI,NL,131,567,514,76,149,105,27,3,14,58,PHI,PHI 2021,106,98,27.3
Leody Taveras,Leody Taveras 2023,14,2023,24,0.088,0.114,TEX,AL,143,554,511,67,136,88,31,3,14,67,TEX,TEX 2023,93,102,
Jesse Winker,Jesse Winker 2022,14,2022,28,0.000,0.063,SEA,AL,136,547,456,51,100,71,15,0,14,53,SEA,SEA 2022,78,93,
Christian Yelich,Christian Yelich 2022,14,2022,30,0.138,0.167,MIL,NL,154,671,575,99,145,102,25,4,14,57,MIL,MIL 2022,99,97,
Charlie Blackmon,Charlie Blackmon 2021,13,2021,34,0.138,0.167,COL,NL,150,582,514,76,139,97,25,4,13,78,COL,COL 2021,138,112,30.1
Alec Bohm,Alec Bohm 2022,13,2022,25,0.111,0.143,PHI,NL,152,631,586,79,164,124,24,3,13,72,PHI,PHI 2022,106,98,24.5
Mark Canha,Mark Canha 2022,13,2022,33,0.000,0.040,NYM,NL,140,542,462,71,123,86,24,0,13,61,NYM,NYM 2022,82,94,25.3
Nick Castellanos,Nick Castellanos 2022,13,2022,30,0.000,0.036,PHI,NL,136,558,524,56,138,98,27,0,13,62,PHI,PHI 2022,106,98,29.2
Trent Grisham,Trent Grisham 2023,13,2023,26,0.031,0.061,SDP,NL,153,555,469,67,93,48,31,1,13,50,SDP,SDP 2023,82,96,27.3
Yandy Díaz,Yandy Díaz 2021,13,2021,29,0.048,0.091,TBR,AL,134,541,465,62,119,85,20,1,13,64,TBR,TBR 2021,99,99,27.5
Tommy Edman,Tommy Edman 2022,13,2022,27,0.114,0.139,STL,NL,153,630,577,95,153,105,31,4,13,57,STL,STL 2022,92,96,26.6
Tommy Edman,Tommy Edman 2023,13,2023,28,0.138,0.167,STL,NL,137,528,479,69,119,77,25,4,13,47,STL,STL 2023,92,96,28.4
Jorge Mateo,Jorge Mateo 2022,13,2022,27,0.219,0.242,BAL,AL,150,533,494,63,109,64,25,7,13,50,BAL,BAL 2022,95,94,26.8
Joey Meneses,Joey Meneses 2023,13,2023,31,0.027,0.053,WSN,NL,154,657,611,71,168,118,36,1,13,89,WSN,WSN 2023,95,102,27.8
Brendan Rodgers,Brendan Rodgers 2022,13,2022,25,0.091,0.118,COL,NL,137,581,527,72,140,94,30,3,13,63,COL,COL 2022,138,112,25.2
Tyler Stephenson,Tyler Stephenson 2023,13,2023,26,0.091,0.130,CIN,NL,142,517,465,59,113,78,20,2,13,56,CIN,CIN 2023,83,100,
Justin Turner,Justin Turner 2022,13,2022,37,0.000,0.027,LAD,NL,128,532,468,61,130,81,36,0,13,81,LAD,LAD 2022,81,98,
Gio Urshela,Gio Urshela 2022,13,2022,30,0.100,0.129,MIN,AL,144,551,501,61,143,100,27,3,13,64,MIN,MIN 2022,97,105,
Alex Verdugo,Alex Verdugo 2021,13,2021,25,0.059,0.086,BOS,AL,146,604,544,88,157,110,32,2,13,63,BOS,BOS 2021,120,112,
Alex Verdugo,Alex Verdugo 2023,13,2023,27,0.119,0.140,BOS,AL,142,602,546,81,144,89,37,5,13,54,BOS,BOS 2023,120,112,
Ty France,Ty France 2023,12,2023,28,0.000,0.030,SEA,AL,158,665,587,79,147,103,32,0,12,58,SEA,SEA 2023,78,93,28.1
Eric Hosmer,Eric Hosmer 2021,12,2021,31,0.000,0.034,SDP,NL,151,565,509,53,137,97,28,0,12,65,SDP,SDP 2021,82,96,26.9
DJ LeMahieu,DJ LeMahieu 2022,12,2022,33,0.000,0.053,NYY,AL,125,541,467,74,122,92,18,0,12,46,NYY,NYY 2022,85,94,27.5
Ketel Marte,Ketel Marte 2022,12,2022,28,0.045,0.067,ARI,NL,137,558,492,68,118,62,42,2,12,52,ARI,ARI 2022,118,104,25.2
Starling Marte,Starling Marte 2021,12,2021,32,0.100,0.129,"MIA,OAK","AL,NL",120,526,467,89,145,103,27,3,12,55,MIA,MIA 2021,111,101,27.1
Dominic Smith,Dominic Smith 2023,12,2023,28,0.045,0.087,WSN,NL,153,586,527,57,134,100,21,1,12,46,WSN,WSN 2023,95,102,
Michael A. Taylor,Michael A. Taylor 2021,12,2021,30,0.059,0.111,KCR,AL,142,528,483,58,118,89,16,1,12,54,KCR,KCR 2021,110,108,
Mark Canha,Mark Canha 2023,11,2023,34,0.038,0.074,"MIL,NYM",NL,139,507,435,51,114,77,25,1,11,62,MIL,MIL 2023,99,97,27.3
Tommy Edman,Tommy Edman 2021,11,2021,26,0.068,0.089,STL,NL,159,691,641,91,168,113,41,3,11,56,STL,STL 2021,92,96,27.4
Enrique Hernández,Enrique Hernández 2023,11,2023,31,0.000,0.042,"BOS,LAD","AL,NL",140,508,465,57,110,76,23,0,11,61,BOS,BOS 2023,120,112,26.9
Ha-Seong Kim,Ha-Seong Kim 2022,11,2022,26,0.094,0.121,SDP,NL,150,582,517,58,130,87,29,3,11,59,SDP,SDP 2022,82,96,27.8
Whit Merrifield,Whit Merrifield 2022,11,2022,33,0.034,0.067,"KCR,TOR",AL,139,550,504,70,126,86,28,1,11,58,KCR,KCR 2022,110,108,25.3
Whit Merrifield,Whit Merrifield 2023,11,2023,34,0.000,0.036,TOR,AL,145,592,547,66,149,111,27,0,11,67,TOR,TOR 2023,93,100,25.1
Josh Rojas,Josh Rojas 2021,11,2021,27,0.086,0.111,ARI,NL,139,550,484,69,128,82,32,3,11,44,ARI,ARI 2021,118,104,28.4
Amed Rosario,Amed Rosario 2021,11,2021,25,0.194,0.219,CLE,AL,141,588,550,77,155,113,25,6,11,57,CLE,CLE 2021,92,100,25.7
Amed Rosario,Amed Rosario 2022,11,2022,26,0.257,0.278,CLE,AL,153,670,637,86,180,134,26,9,11,71,CLE,CLE 2022,92,100,23.5
Jonathan Schoop,Jonathan Schoop 2022,11,2022,30,0.042,0.080,DET,AL,131,510,481,48,97,62,23,1,11,38,DET,DET 2022,139,100,26.6
Pavin Smith,Pavin Smith 2021,11,2021,25,0.129,0.156,ARI,NL,145,545,498,68,133,91,27,4,11,49,ARI,ARI 2021,118,104,
Nick Solak,Nick Solak 2021,11,2021,26,0.100,0.143,TEX,AL,127,511,458,57,111,80,18,2,11,49,TEX,TEX 2021,93,102,
Alex Verdugo,Alex Verdugo 2022,11,2022,26,0.025,0.049,BOS,AL,152,644,593,75,166,115,39,1,11,74,BOS,BOS 2022,120,112,
Luis Arraez,Luis Arraez 2023,10,2023,26,0.091,0.118,MIA,NL,147,617,574,71,203,160,30,3,10,69,MIA,MIA 2023,111,101,29.2
Jake Cronenworth,Jake Cronenworth 2023,10,2023,29,0.226,0.250,SDP,NL,127,522,458,54,105,64,24,7,10,48,SDP,SDP 2023,82,96,27.9
Nelson Cruz,Nelson Cruz 2022,10,2022,41,0.000,0.059,WSN,NL,124,507,448,50,105,79,16,0,10,64,WSN,WSN 2022,95,102,25.6
Nico Hoerner,Nico Hoerner 2022,10,2022,25,0.185,0.214,CHC,NL,135,517,481,60,135,98,22,5,10,55,CHC,CHC 2022,113,97,24.1
DJ LeMahieu,DJ LeMahieu 2021,10,2021,32,0.040,0.077,NYY,AL,150,679,597,84,160,125,24,1,10,57,NYY,NYY 2021,85,94,28.5
Jeff McNeil,Jeff McNeil 2023,10,2023,31,0.138,0.167,NYM,NL,156,648,585,75,158,119,25,4,10,55,NYM,NYM 2023,82,94,25.3
Whit Merrifield,Whit Merrifield 2021,10,2021,32,0.067,0.087,KCR,AL,162,720,664,97,184,129,42,3,10,74,KCR,KCR 2021,110,108,26.8
Jeremy Peña,Jeremy Peña 2023,10,2023,25,0.086,0.111,HOU,AL,150,634,577,81,152,107,32,3,10,52,HOU,HOU 2023,106,98,27.3
Matt Vierling,Matt Vierling 2023,10,2023,26,0.192,0.222,DET,AL,134,530,479,63,125,89,21,5,10,44,DET,DET 2023,139,100,
Javier Báez,Javier Báez 2023,9,2023,30,0.182,0.217,DET,AL,136,547,510,58,113,82,18,4,9,59,DET,DET 2023,139,100,27
J.P. Crawford,J.P. Crawford 2021,9,2021,26,0.000,0.026,SEA,AL,160,687,619,89,169,123,37,0,9,54,SEA,SEA 2021,78,93,27.1
Yandy Díaz,Yandy Díaz 2022,9,2022,30,0.000,0.029,TBR,AL,137,558,473,71,140,98,33,0,9,57,TBR,TBR 2022,99,99,26.3
Nico Hoerner,Nico Hoerner 2023,9,2023,26,0.129,0.156,CHC,NL,150,688,619,98,175,135,27,4,9,68,CHC,CHC 2023,113,97,25.7
José Iglesias,José Iglesias 2021,9,2021,31,0.069,0.100,"BOS,LAA",AL,137,511,483,65,131,93,27,2,9,48,BOS,BOS 2021,120,112,28.2
Zach McKinstry,Zach McKinstry 2023,9,2023,28,0.160,0.192,DET,AL,148,518,464,60,107,73,21,4,9,35,DET,DET 2023,139,100,25.1
Jeff McNeil,Jeff McNeil 2022,9,2022,30,0.025,0.049,NYM,NL,148,589,533,73,174,125,39,1,9,62,NYM,NYM 2022,82,94,25.3
Jurickson Profar,Jurickson Profar 2023,9,2023,30,0.069,0.100,"COL,SDP",NL,125,521,459,55,111,73,27,2,9,46,COL,COL 2023,138,112,26.2
Miguel Rojas,Miguel Rojas 2021,9,2021,32,0.091,0.118,MIA,NL,132,539,495,66,131,89,30,3,9,48,MIA,MIA 2021,111,101,27.7
Josh Rojas,Josh Rojas 2022,9,2022,28,0.038,0.074,ARI,NL,125,510,443,66,119,84,25,1,9,56,ARI,ARI 2022,118,104,27.6
Gleyber Torres,Gleyber Torres 2021,9,2021,24,0.000,0.043,NYY,AL,127,516,459,50,119,88,22,0,9,51,NYY,NYY 2021,85,94,
Luis Arraez,Luis Arraez 2022,8,2022,25,0.031,0.061,MIN,AL,144,603,547,88,173,133,31,1,8,49,MIN,MIN 2022,97,105,29.1
Michael Brantley,Michael Brantley 2021,8,2021,34,0.094,0.121,HOU,AL,121,508,469,68,146,106,29,3,8,47,HOU,HOU 2021,106,98,28.6
Yuli Gurriel,Yuli Gurriel 2022,8,2022,38,0.000,0.024,HOU,AL,146,584,545,53,132,84,40,0,8,53,HOU,HOU 2022,106,98,28.3
Josh Harrison,Josh Harrison 2021,8,2021,33,0.057,0.083,"OAK,WSN","AL,NL",138,558,505,58,141,98,33,2,8,60,OAK,OAK 2021,99,101,28.5
Isiah Kiner-Falefa,Isiah Kiner-Falefa 2021,8,2021,26,0.107,0.138,TEX,AL,158,677,635,74,172,136,25,3,8,53,TEX,TEX 2021,93,102,25.1
David Peralta,David Peralta 2021,8,2021,33,0.211,0.231,ARI,NL,150,538,487,57,126,80,30,8,8,63,ARI,ARI 2021,118,104,26.7
Ke'Bryan Hayes,Ke'Bryan Hayes 2022,7,2022,25,0.111,0.143,PIT,NL,136,560,505,55,123,89,24,3,7,41,PIT,PIT 2022,101,106,28.3
Tony Kemp,Tony Kemp 2022,7,2022,30,0.077,0.111,OAK,AL,147,558,497,61,117,84,24,2,7,46,OAK,OAK 2022,99,101,29.4
J.P. Crawford,J.P. Crawford 2022,6,2022,27,0.111,0.143,SEA,AL,145,603,518,57,126,93,24,3,6,42,SEA,SEA 2022,78,93,28.9
Steven Kwan,Steven Kwan 2022,6,2022,24,0.219,0.242,CLE,AL,147,638,563,89,168,130,25,7,6,52,CLE,CLE 2022,92,100,28.2
Miguel Rojas,Miguel Rojas 2022,6,2022,33,0.095,0.136,MIA,NL,140,507,471,34,111,84,19,2,6,36,MIA,MIA 2022,111,101,28.1
Amed Rosario,Amed Rosario 2023,6,2023,27,0.242,0.265,"CLE,LAD","AL,NL",142,545,510,70,134,95,25,8,6,58,CLE,CLE 2023,92,100,26.8
Raimel Tapia,Raimel Tapia 2021,6,2021,27,0.071,0.103,COL,NL,133,533,487,69,133,99,26,2,6,50,COL,COL 2021,138,112,
Andrew Benintendi,Andrew Benintendi 2022,5,2022,27,0.115,0.148,"KCR,NYY",AL,126,521,461,54,140,109,23,3,5,51,KCR,KCR 2022,110,108,25.4
Andrew Benintendi,Andrew Benintendi 2023,5,2023,28,0.056,0.081,CHW,AL,151,621,562,72,147,106,34,2,5,45,CHW,CHW 2023,79,94,27.2
Adam Frazier,Adam Frazier 2021,5,2021,29,0.122,0.143,"PIT,SDP",NL,155,639,577,83,176,130,36,5,5,43,PIT,PIT 2021,101,106,26.6
Steven Kwan,Steven Kwan 2023,5,2023,25,0.163,0.182,CLE,AL,158,718,638,93,171,123,36,7,5,54,CLE,CLE 2023,92,100,25.4
Kevin Newman,Kevin Newman 2021,5,2021,27,0.120,0.154,PIT,NL,148,554,517,50,117,87,22,3,5,39,PIT,PIT 2021,101,106,28.1
Maikel Garcia,Maikel Garcia 2023,4,2023,23,0.167,0.200,KCR,AL,123,515,464,59,126,98,20,4,4,50,KCR,KCR 2023,110,108,28.6
Isiah Kiner-Falefa,Isiah Kiner-Falefa 2022,4,2022,27,0.000,0.048,NYY,AL,142,531,483,66,126,102,20,0,4,48,NYY,NYY 2022,85,94,28.5
Myles Straw,Myles Straw 2021,4,2021,26,0.033,0.065,"CLE,HOU",AL,158,638,564,86,153,119,29,1,4,48,CLE,CLE 2021,92,100,
Elvis Andrus,Elvis Andrus 2021,3,2021,32,0.074,0.107,OAK,AL,146,541,497,60,121,91,25,2,3,37,OAK,OAK 2021,99,101,27
Adam Frazier,Adam Frazier 2022,3,2022,30,0.154,0.185,SEA,AL,156,602,541,61,129,100,22,4,3,42,SEA,SEA 2022,78,93,28.3
David Fletcher,David Fletcher 2021,2,2021,27,0.100,0.129,LAA,AL,157,665,626,74,164,132,27,3,2,47,LAA,LAA 2021,99,98,27.6
Nicky Lopez,Nicky Lopez 2021,2,2021,26,0.222,0.250,KCR,AL,151,565,497,78,149,120,21,6,2,43,KCR,KCR 2021,110,108,27.3
Tim Anderson,Tim Anderson 2023,1,2023,30,0.100,0.143,CHW,AL,123,524,493,52,121,100,18,2,1,25,CHW,CHW 2023,79,94,27.6
César Hernández,César Hernández 2022,1,2022,32,0.125,0.152,WSN,NL,147,617,560,64,139,106,28,4,1,34,WSN,WSN 2022,95,102,28
Myles Straw,Myles Straw 2023,1,2023,28,0.143,0.182,CLE,AL,147,518,462,52,110,88,18,3,1,29,CLE,CLE 2023,92,100,
Myles Straw,Myles Straw 2022,0,2022,27,0.120,0.154,CLE,AL,152,596,535,72,118,93,22,3,0,32,CLE,CLE 2022,92,100,